,class,prior,transform,trainable,shape,fixed_shape,value
SVGP/feature/Z,Parameter,None,(none),True,"(2509, 3)",True,"[[94.69751529 53.33636755 -2.16803207]
 [94.2341527  52.14746011 -9.99068901]
 [97.49427623 57.42993253  0.77707438]
 ...
 [98.00000007 53.54914007 -2.63813897]
 [98.00000027 53.96751305 -1.086514  ]
 [98.00000021 53.95188904 -1.075861  ]]"
SVGP/kern/kernels/0/lengthscales,Parameter,None,+ve,True,"(3,)",True,[1.80505389 5.2031518  7.08708644]
SVGP/kern/kernels/0/variance,Parameter,None,+ve,True,(),True,0.0005909859545041772
SVGP/kern/kernels/1/W,Parameter,None,(none),True,"(2, 1)",True,"[[ 9.74526153]
 [15.20994466]]"
SVGP/kern/kernels/1/kappa,Parameter,None,+ve,True,"(2,)",True,[1.97285491e-01 1.00041249e-06]
SVGP/likelihood/likelihood_list/0/variance,Parameter,None,+ve,True,(),True,37.27434634664141
SVGP/likelihood/likelihood_list/1/variance,Parameter,None,+ve,True,(),True,0.05400042649378635
SVGP/q_mu,Parameter,None,(none),True,"(2509, 1)",True,"[[ 7.91870863e+00]
 [-5.30726517e-01]
 [ 2.99159350e+00]
 ...
 [ 4.69132512e-05]
 [ 4.83217399e-04]
 [ 3.89612781e-04]]"
SVGP/q_sqrt,Parameter,None,LoTri->vec,True,"(1, 2509, 2509)",True,"[[[ 1.17186027e-02  0.00000000e+00  0.00000000e+00 ...  0.00000000e+00
    0.00000000e+00  0.00000000e+00]
  [ 8.63047030e-03  1.95115181e-02  0.00000000e+00 ...  0.00000000e+00
    0.00000000e+00  0.00000000e+00]
  [ 1.38876849e-02  4.08097910e-02  3.98013978e-02 ...  0.00000000e+00
    0.00000000e+00  0.00000000e+00]
  ...
  [ 2.46387579e-06  7.12234458e-06  1.47733744e-05 ...  9.99999889e-01
    0.00000000e+00  0.00000000e+00]
  [ 4.76917314e-06  6.28111917e-06  4.38274127e-06 ... -3.26561699e-08
    9.99999847e-01  0.00000000e+00]
  [ 4.66681482e-06  6.09401182e-06  4.41509721e-06 ... -3.11106213e-08
   -1.36534318e-07  9.99999879e-01]]]"
